{"cameraMode":{"drawMode":0,"name":"Shaded","section":"Shading Mode"},"sceneLighting":true,"audioPlay":false,"sceneViewState":{"showFog":true,"showMaterialUpdate":false,"showSkybox":true,"showFlares":true,"showImageEffects":true,"showParticleSystems":true},"in2DMode":false,"pivot":{"x":-0.7662181854248047,"y":0.5962257385253906,"z":0.39209461212158205},"rotation":{"x":-0.08539217710494995,"y":0.8942974805831909,"z":-0.19370922446250916,"w":-0.3942299485206604},"size":10.0,"orthographic":false}